condition,model,noise_draws,windows_per_draw,accuracy_mean,accuracy_std,accuracy_min,accuracy_max,macro_f1_mean,macro_f1_std,macro_f1_min,macro_f1_max,recall_class_0_mean,recall_class_1_mean,recall_class_2_mean,recall_class_3_mean
original,cnn,1,184,1.0,0.0,1.0,1.0,1.0,0.0,1.0,1.0,1.0,1.0,1.0,1.0
original,svm,1,184,1.0,0.0,1.0,1.0,1.0,0.0,1.0,1.0,1.0,1.0,1.0,1.0
20dB,cnn,3,184,1.0,0.0,1.0,1.0,1.0,0.0,1.0,1.0,1.0,1.0,1.0,1.0
20dB,svm,3,184,1.0,0.0,1.0,1.0,1.0,0.0,1.0,1.0,1.0,1.0,1.0,1.0
10dB,cnn,3,184,1.0,0.0,1.0,1.0,1.0,0.0,1.0,1.0,1.0,1.0,1.0,1.0
10dB,svm,3,184,1.0,0.0,1.0,1.0,1.0,0.0,1.0,1.0,1.0,1.0,1.0,1.0
5dB,cnn,3,184,0.9347826086956522,0.007685943273766802,0.9293478260869565,0.9456521739130435,0.9336063827609875,0.00805819484595538,0.9279083785412899,0.9450023912003825,1.0,1.0,0.7391304347826088,1.0
5dB,svm,3,184,0.9981884057971014,0.002561981091255618,0.9945652173913043,1.0,0.9981881917365788,0.002562283818549853,0.9945645752097365,1.0,1.0,1.0,1.0,0.9927536231884058
0dB,cnn,3,184,0.5815217391304347,0.00887496283617093,0.5706521739130435,0.592391304347826,0.5087876985164049,0.011421290463312346,0.4946724155020319,0.5226451858188385,1.0,1.0,0.0,0.3260869565217391
0dB,svm,3,184,0.9746376811594203,0.012809905456278038,0.9565217391304348,0.9836956521739131,0.9745202043770184,0.012961076277300842,0.9561904761904761,0.9836918400748188,1.0,0.9057971014492754,1.0,0.9927536231884058
-5dB,cnn,3,184,0.5,0.0,0.5,0.5,0.375,0.0,0.375,0.375,1.0,1.0,0.0,0.0
-5dB,svm,3,184,0.07427536231884059,0.006778364831112214,0.06521739130434782,0.08152173913043478,0.0856705259423357,0.012138380130194094,0.07083333333333333,0.10056599959571458,0.07246376811594203,0.0,0.0,0.2246376811594203
