epoch,optimizer_steps,train_loss,train_accuracy,train_macro_f1,val_loss,val_accuracy,val_macro_f1,saved_as_best
1,12,1.267333025517671,0.25,0.16370106761565836,1.2779700445092244,0.25,0.14838709677419354,1
2,24,1.1896913310755854,0.25,0.125,1.2073292524918267,0.25,0.125,0
3,36,1.106786072254181,0.5,0.375,1.1286545888237332,0.5,0.375,1
4,48,1.0177762249241704,0.6222826086956522,0.5473874742433694,1.0430756237195886,0.532608695652174,0.4528917910447761,1
5,60,0.9287625097710154,0.717391304347826,0.6362090290661719,0.956350186596746,0.6521739130434783,0.5748542660307366,1
6,72,0.8397889046565347,0.75,0.6666666666666666,0.8683962148168812,0.75,0.6666666666666666,1
7,84,0.7479097156420998,0.7554347826086957,0.6785215095511725,0.7775718025539232,0.75,0.6666666666666666,1
8,96,0.6548201480637426,0.8831521739130435,0.8764020370543943,0.6835539859274159,0.7608695652173914,0.689950980392157,1
9,108,0.5685050779062769,1.0,1.0,0.5943739440130151,1.0,1.0,1
10,120,0.48954982926016266,1.0,1.0,0.513275348621866,1.0,1.0,1
11,132,0.41821276882420416,1.0,1.0,0.44005813546802686,1.0,1.0,1
12,144,0.3560401615889176,1.0,1.0,0.37359428017035773,1.0,1.0,1
13,156,0.30081078572117764,1.0,1.0,0.31951525807380676,1.0,1.0,1
14,168,0.25374729558825493,1.0,1.0,0.2695539373418559,1.0,1.0,1
15,180,0.21414093948576762,1.0,1.0,0.2276149975216907,1.0,1.0,1
16,192,0.18053712631049362,1.0,1.0,0.19534235674401987,1.0,1.0,1
17,204,0.1517265168545039,1.0,1.0,0.16277809052363687,1.0,1.0,1
18,216,0.12710298500631168,1.0,1.0,0.13784598980260931,1.0,1.0,1
19,228,0.10649184437225694,1.0,1.0,0.1153332558662995,1.0,1.0,1
20,240,0.08985249730555908,1.0,1.0,0.09808587315289871,1.0,1.0,1
21,252,0.07652425838877326,1.0,1.0,0.08295052012671596,1.0,1.0,1
22,264,0.06537420974801415,1.0,1.0,0.07200621975504834,1.0,1.0,1
23,276,0.05574592534938584,1.0,1.0,0.06111972422703453,1.0,1.0,1
24,288,0.04788458902064873,1.0,1.0,0.05268861904092457,1.0,1.0,1
25,300,0.04134857069458003,1.0,1.0,0.04564041547153307,1.0,1.0,1
26,312,0.035897635642196175,1.0,1.0,0.03948304624013279,1.0,1.0,1
27,324,0.031218842441297096,1.0,1.0,0.034720875322818756,1.0,1.0,1
28,336,0.027335386804264526,1.0,1.0,0.030354448310706928,1.0,1.0,1
29,348,0.024112843442708254,1.0,1.0,0.026620942289414612,1.0,1.0,1
30,360,0.021341386969889634,1.0,1.0,0.023658866467683212,1.0,1.0,1
